Time,NINO4
Jan 1856,0.7226501
Feb 1856,0.6452
Mar 1856,0.57615
Apr 1856,0.47015
May 1856,0.36125
Jun 1856,0.2873
Jul 1856,0.29635
Aug 1856,0.2372
Sep 1856,0.0306
Oct 1856,-0.2172
Nov 1856,-0.56165
Dec 1856,-0.91355
Jan 1857,-0.8502001
Feb 1857,-0.8593
Mar 1857,-0.82015
Apr 1857,-0.59885
May 1857,-0.6231501
Jun 1857,-0.63325
Jul 1857,-0.5194
Aug 1857,-0.31235
Sep 1857,-0.3117
Oct 1857,-0.49385
Nov 1857,-0.37025
Dec 1857,-0.2808
Jan 1858,-0.105
Feb 1858,0.01135
Mar 1858,0.11605
Apr 1858,-0.07595
May 1858,-0.21445
Jun 1858,-0.1491
Jul 1858,-0.10785
Aug 1858,-0.004599999
Sep 1858,-0.06170001
Oct 1858,-0.26015
Nov 1858,-0.4569
Dec 1858,-0.5327
Jan 1859,-0.524
Feb 1859,-0.55215
Mar 1859,-0.5602
Apr 1859,-0.45945
May 1859,-0.4019
Jun 1859,-0.3155
Jul 1859,-0.0419
Aug 1859,0.25495
Sep 1859,0.29475
Oct 1859,0.36405
Nov 1859,0.20045
Dec 1859,0.2584
Jan 1860,0.09395
Feb 1860,0.0458
Mar 1860,0.0378
Apr 1860,-0.09045
May 1860,-0.13575
Jun 1860,-0.1292
Jul 1860,-0.2643
Aug 1860,-0.49215
Sep 1860,-0.31885
Oct 1860,-0.22325
Nov 1860,-0.2314
Dec 1860,-0.4284
Jan 1861,-0.38975
Feb 1861,-0.73945
Mar 1861,-0.73675
Apr 1861,-0.75655
May 1861,-0.8003501
Jun 1861,-0.65905
Jul 1861,-0.48955
Aug 1861,-0.26855
Sep 1861,-0.4587
Oct 1861,-0.45925
Nov 1861,-0.39975
Dec 1861,-0.5712
Jan 1862,-0.7057
Feb 1862,-0.6867501
Mar 1862,-0.7602
Apr 1862,-0.59025
May 1862,-0.5019
Jun 1862,-0.47465
Jul 1862,-0.5432
Aug 1862,-0.26775
Sep 1862,-0.1713
Oct 1862,-0.4786
Nov 1862,-0.67805
Dec 1862,-0.82695
Jan 1863,-0.9795001
Feb 1863,-1.12495
Mar 1863,-1.13365
Apr 1863,-0.9757
May 1863,-0.9817001
Jun 1863,-1.07035
Jul 1863,-0.9535
Aug 1863,-0.6759
Sep 1863,-0.6719
Oct 1863,-0.5458
Nov 1863,-0.43095
Dec 1863,-0.3887
Jan 1864,-0.47355
Feb 1864,-0.42375
Mar 1864,-0.23965
Apr 1864,-0.1975
May 1864,-0.1969
Jun 1864,0.004750001
Jul 1864,0.11685
Aug 1864,0.38005
Sep 1864,0.4819
Oct 1864,0.5779001
Nov 1864,0.62085
Dec 1864,0.36865
Jan 1865,0.3409
Feb 1865,0.31485
Mar 1865,0.26245
Apr 1865,0.21555
May 1865,0.33795
Jun 1865,0.36495
Jul 1865,0.47985
Aug 1865,0.4859
Sep 1865,0.5238
Oct 1865,0.6431
Nov 1865,0.7939
Dec 1865,0.7934501
Jan 1866,0.8309
Feb 1866,0.8229501
Mar 1866,0.9066501
Apr 1866,0.9006
May 1866,0.7930501
Jun 1866,0.70735
Jul 1866,0.7201
Aug 1866,0.52175
Sep 1866,0.19985
Oct 1866,0.092
Nov 1866,0.06955
Dec 1866,-0.07675
Jan 1867,0.007300002
Feb 1867,0.007000001
Mar 1867,0.23805
Apr 1867,0.2934
May 1867,0.52555
Jun 1867,0.68655
Jul 1867,0.70285
Aug 1867,0.63595
Sep 1867,0.43595
Oct 1867,0.1127
Nov 1867,0.04165
Dec 1867,-0.002650002
Jan 1868,0.0689
Feb 1868,0.1226
Mar 1868,0.24635
Apr 1868,0.29755
May 1868,0.43345
Jun 1868,0.3591
Jul 1868,0.2697
Aug 1868,0.41445
Sep 1868,0.4686
Oct 1868,0.4029
Nov 1868,0.61885
Dec 1868,0.5685501
Jan 1869,0.40025
Feb 1869,0.2106
Mar 1869,0.06465
Apr 1869,-0.0441
May 1869,-0.07250001
Jun 1869,-0.24555
Jul 1869,-0.19185
Aug 1869,-0.271
Sep 1869,-0.4611
Oct 1869,-0.4225
Nov 1869,-0.4069
Dec 1869,-0.28875
Jan 1870,-0.3758
Feb 1870,-0.6063
Mar 1870,-0.75475
Apr 1870,-0.4974
May 1870,-0.5613
Jun 1870,-0.7949001
Jul 1870,-0.5719
Aug 1870,-0.288
Sep 1870,-0.3381
Oct 1870,-0.4032
Nov 1870,-0.55625
Dec 1870,-0.53835
Jan 1871,-0.5039001
Feb 1871,-0.6603
Mar 1871,-0.6458001
Apr 1871,-0.4908
May 1871,-0.32145
Jun 1871,-0.45985
Jul 1871,-0.2725
Aug 1871,-0.22445
Sep 1871,-0.2927
Oct 1871,-0.2877
Nov 1871,-0.372
Dec 1871,-0.50375
Jan 1872,-0.61665
Feb 1872,-0.6722
Mar 1872,-0.70555
Apr 1872,-0.5998001
May 1872,-0.6868
Jun 1872,-0.76915
Jul 1872,-1.0084
Aug 1872,-1.0658
Sep 1872,-1.27475
Oct 1872,-1.2418
Nov 1872,-1.0086
Dec 1872,-0.91075
Jan 1873,-0.8893501
Feb 1873,-0.9381
Mar 1873,-1.10375
Apr 1873,-0.92795
May 1873,-0.5199
Jun 1873,-0.3659
Jul 1873,-0.286
Aug 1873,-0.35505
Sep 1873,-0.37105
Oct 1873,-0.57555
Nov 1873,-0.75865
Dec 1873,-0.64515
Jan 1874,-0.5507
Feb 1874,-0.5521
Mar 1874,-0.50125
Apr 1874,-0.4266
May 1874,-0.368
Jun 1874,-0.55325
Jul 1874,-0.6688501
Aug 1874,-0.65185
Sep 1874,-0.895
Oct 1874,-1.08925
Nov 1874,-1.04295
Dec 1874,-0.92875
Jan 1875,-0.714
Feb 1875,-0.74985
Mar 1875,-0.6869
Apr 1875,-0.70395
May 1875,-0.70155
Jun 1875,-0.5288
Jul 1875,-0.6333
Aug 1875,-0.8178
Sep 1875,-0.6062
Oct 1875,-0.44485
Nov 1875,-0.3366
Dec 1875,-0.26585
Jan 1876,-0.3408
Feb 1876,-0.4859
Mar 1876,-0.40815
Apr 1876,-0.52005
May 1876,-0.5011
Jun 1876,-0.44145
Jul 1876,-0.2232
Aug 1876,-0.17455
Sep 1876,-0.27955
Oct 1876,-0.10415
Nov 1876,0.1187
Dec 1876,0.36725
Jan 1877,0.4366
Feb 1877,0.50925
Mar 1877,0.59665
Apr 1877,0.78275
May 1877,0.59975
Jun 1877,0.71715
Jul 1877,1.03715
Aug 1877,0.9931
Sep 1877,1.0118
Oct 1877,0.808
Nov 1877,0.8944001
Dec 1877,1.0667
Jan 1878,1.2884
Feb 1878,1.2207
Mar 1878,0.9931501
Apr 1878,0.7370501
May 1878,0.83925
Jun 1878,0.7208
Jul 1878,0.6182
Aug 1878,0.043
Sep 1878,0.0588
Oct 1878,-0.1784
Nov 1878,-0.1986
Dec 1878,0.01885001
Jan 1879,0.0188
Feb 1879,0.09320001
Mar 1879,-0.08025
Apr 1879,-0.22755
May 1879,-0.4172
Jun 1879,-0.4732
Jul 1879,-0.40065
Aug 1879,-0.4687
Sep 1879,-0.48955
Oct 1879,-0.8189501
Nov 1879,-0.7708001
Dec 1879,-0.8947501
Jan 1880,-0.8295
Feb 1880,-0.37135
Mar 1880,-0.08425
Apr 1880,-0.2124
May 1880,-0.2761
Jun 1880,-0.40545
Jul 1880,-0.4803
Aug 1880,-0.12955
Sep 1880,-0.2204
Oct 1880,0.15385
Nov 1880,0.3855
Dec 1880,0.82445
Jan 1881,0.7868
Feb 1881,0.60265
Mar 1881,0.5395
Apr 1881,0.41985
May 1881,0.6167001
Jun 1881,0.5943
Jul 1881,0.4641
Aug 1881,0.26735
Sep 1881,0.165
Oct 1881,-0.1159
Nov 1881,-0.36415
Dec 1881,-0.3335
Jan 1882,-0.4424
Feb 1882,-0.41575
Mar 1882,-0.22125
Apr 1882,0.01215
May 1882,-0.10005
Jun 1882,-0.3798
Jul 1882,-0.0464
Aug 1882,0.0376
Sep 1882,0.008500003
Oct 1882,-0.4412
Nov 1882,-0.37955
Dec 1882,-0.38475
Jan 1883,-0.08620001
Feb 1883,0.11725
Mar 1883,0.19895
Apr 1883,0.09045
May 1883,-0.0242
Jun 1883,0.10825
Jul 1883,0.01545
Aug 1883,0.27995
Sep 1883,0.1739
Oct 1883,0.1065
Nov 1883,0.19515
Dec 1883,0.1248
Jan 1884,0.272
Feb 1884,0.3731
Mar 1884,0.2069
Apr 1884,0.0833
May 1884,0.56615
Jun 1884,0.2057
Jul 1884,0.188
Aug 1884,0.40135
Sep 1884,0.43865
Oct 1884,0.29595
Nov 1884,0.3927
Dec 1884,0.3965
Jan 1885,0.44465
Feb 1885,0.37845
Mar 1885,0.4104
Apr 1885,0.50045
May 1885,0.6422501
Jun 1885,0.6434
Jul 1885,0.7870001
Aug 1885,0.80225
Sep 1885,0.83085
Oct 1885,0.8706
Nov 1885,1.0025
Dec 1885,0.9427
Jan 1886,0.7156
Feb 1886,0.5026
Mar 1886,0.52535
Apr 1886,0.23265
May 1886,-0.0843
Jun 1886,-0.495
Jul 1886,-0.63625
Aug 1886,-0.6382
Sep 1886,-0.6023
Oct 1886,-1.0241
Nov 1886,-0.74085
Dec 1886,-0.91265
Jan 1887,-0.65455
Feb 1887,-0.6595
Mar 1887,-0.51915
Apr 1887,-0.47635
May 1887,-0.66645
Jun 1887,-0.816
Jul 1887,-0.60295
Aug 1887,-0.4603
Sep 1887,-0.2029
Oct 1887,-0.08635
Nov 1887,0.15975
Dec 1887,0.3632
Jan 1888,0.43495
Feb 1888,0.51705
Mar 1888,0.7388
Apr 1888,0.57995
May 1888,0.3968
Jun 1888,0.564
Jul 1888,0.6383
Aug 1888,0.81845
Sep 1888,1.125
Oct 1888,1.39825
Nov 1888,1.28885
Dec 1888,1.10805
Jan 1889,1.172
Feb 1889,1.06855
Mar 1889,0.8784
Apr 1889,0.5936
May 1889,0.6765
Jun 1889,0.40315
Jul 1889,0.15105
Aug 1889,-0.02795
Sep 1889,-0.41715
Oct 1889,-0.7323
Nov 1889,-0.9605501
Dec 1889,-0.8978
Jan 1890,-1.02845
Feb 1890,-0.8983501
Mar 1890,-0.7421001
Apr 1890,-0.7539501
May 1890,-0.76785
Jun 1890,-0.92145
Jul 1890,-0.8479
Aug 1890,-0.83105
Sep 1890,-0.8751
Oct 1890,-0.7819
Nov 1890,-0.5426
Dec 1890,-0.38775
Jan 1891,-0.1194
Feb 1891,-0.02545
Mar 1891,0.03925
Apr 1891,0.2687
May 1891,0.3516
Jun 1891,0.21015
Jul 1891,0.2224
Aug 1891,0.29725
Sep 1891,0.29935
Oct 1891,0.0606
Nov 1891,0.0597
Dec 1891,0.2785
Jan 1892,0.2365
Feb 1892,-0.00515
Mar 1892,-0.45185
Apr 1892,-0.5783001
May 1892,-0.49905
Jun 1892,-0.4983
Jul 1892,-0.82285
Aug 1892,-0.8561
Sep 1892,-1.1189
Oct 1892,-1.3424
Nov 1892,-1.2965
Dec 1892,-1.15245
Jan 1893,-0.9960501
Feb 1893,-1.00575
Mar 1893,-0.90175
Apr 1893,-0.97655
May 1893,-1.12115
Jun 1893,-1.1354
Jul 1893,-0.9971001
Aug 1893,-1.1233
Sep 1893,-1.4406
Oct 1893,-1.3605
Nov 1893,-1.21745
Dec 1893,-0.97365
Jan 1894,-1.1082
Feb 1894,-1.16655
Mar 1894,-1.2321
Apr 1894,-1.17265
May 1894,-1.11515
Jun 1894,-0.9382001
Jul 1894,-0.575
Aug 1894,-0.7052
Sep 1894,-0.5897501
Oct 1894,-0.51035
Nov 1894,-0.3473
Dec 1894,-0.21305
Jan 1895,-0.11955
Feb 1895,-0.2457
Mar 1895,-0.1994
Apr 1895,-0.33735
May 1895,-0.34675
Jun 1895,-0.4732
Jul 1895,-0.36895
Aug 1895,-0.05495
Sep 1895,-0.0112
Oct 1895,0.06535
Nov 1895,0.3709
Dec 1895,0.2156
Jan 1896,0.1156
Feb 1896,0.0887
Mar 1896,-0.00225
Apr 1896,0.36435
May 1896,0.3403
Jun 1896,0.21765
Jul 1896,0.33125
Aug 1896,0.5119
Sep 1896,0.41115
Oct 1896,0.5978
Nov 1896,0.7284501
Dec 1896,0.91115
Jan 1897,1.00975
Feb 1897,0.7650501
Mar 1897,0.53795
Apr 1897,0.1991
May 1897,0.0205
Jun 1897,0.24385
Jul 1897,0.35505
Aug 1897,0.35325
Sep 1897,0.1362
Oct 1897,-0.22585
Nov 1897,-0.3473
Dec 1897,0.03645
Jan 1898,-0.06225
Feb 1898,-0.2991
Mar 1898,-0.2636
Apr 1898,-0.2525
May 1898,-0.344
Jun 1898,-0.10505
Jul 1898,-0.2916
Aug 1898,-0.52305
Sep 1898,-0.4514
Oct 1898,-0.42815
Nov 1898,-0.60435
Dec 1898,-0.6912
Jan 1899,-0.76695
Feb 1899,-0.83775
Mar 1899,-0.5232
Apr 1899,-0.3926
May 1899,-0.1338
Jun 1899,-0.10505
Jul 1899,0.16535
Aug 1899,0.42055
Sep 1899,0.7011501
Oct 1899,0.9839501
Nov 1899,1.18115
Dec 1899,1.07615
Jan 1900,0.7275
Feb 1900,0.8146501
Mar 1900,0.5251001
Apr 1900,0.68255
May 1900,0.5428
Jun 1900,0.45805
Jul 1900,0.54935
Aug 1900,0.58055
Sep 1900,0.7449501
Oct 1900,0.6135001
Nov 1900,0.5102
Dec 1900,0.6247
Jan 1901,0.62705
Feb 1901,0.37415
Mar 1901,0.24805
Apr 1901,0.14835
May 1901,-0.0509
Jun 1901,-0.0515
Jul 1901,-0.23395
Aug 1901,0.06515
Sep 1901,0.13925
Oct 1901,0.06280001
Nov 1901,-0.09975
Dec 1901,-0.22985
Jan 1902,-0.14735
Feb 1902,-0.0272
Mar 1902,0.0302
Apr 1902,0.3197
May 1902,0.36285
Jun 1902,0.2275
Jul 1902,0.75595
Aug 1902,1.01935
Sep 1902,1.12555
Oct 1902,1.1482
Nov 1902,1.1551
Dec 1902,1.1331
Jan 1903,1.1982
Feb 1903,0.9493501
Mar 1903,0.8816
Apr 1903,0.79605
May 1903,0.61335
Jun 1903,0.57785
Jul 1903,0.11395
Aug 1903,0.02295
Sep 1903,-0.1114
Oct 1903,-0.03075
Nov 1903,-0.3249
Dec 1903,-0.51805
Jan 1904,-0.55035
Feb 1904,-0.6373
Mar 1904,-0.3919
Apr 1904,-0.25095
May 1904,-0.33335
Jun 1904,-0.1586
Jul 1904,-0.09165
Aug 1904,0.05910001
Sep 1904,0.34375
Oct 1904,0.4951
Nov 1904,0.6405
Dec 1904,0.8584501
Jan 1905,0.859
Feb 1905,0.9571
Mar 1905,0.70885
Apr 1905,0.48445
May 1905,0.5527
Jun 1905,0.59525
Jul 1905,0.68905
Aug 1905,0.79505
Sep 1905,0.942
Oct 1905,0.8930001
Nov 1905,0.9156001
Dec 1905,0.84645
Jan 1906,0.7051501
Feb 1906,0.3645
Mar 1906,0.38345
Apr 1906,0.17355
May 1906,0.0209
Jun 1906,0.09635
Jul 1906,0.2886
Aug 1906,0.20175
Sep 1906,0.30945
Oct 1906,-0.0297
Nov 1906,-0.2379
Dec 1906,-0.11505
Jan 1907,0.0945
Feb 1907,0.0984
Mar 1907,-0.07970001
Apr 1907,-0.10885
May 1907,0.105
Jun 1907,0.1015
Jul 1907,0.2463
Aug 1907,0.12595
Sep 1907,0.24705
Oct 1907,0.1369
Nov 1907,-0.05145
Dec 1907,0.1752
Jan 1908,0.5304
Feb 1908,0.51765
Mar 1908,-0.2771
Apr 1908,-0.2596
May 1908,-0.31665
Jun 1908,-0.48855
Jul 1908,-0.5158
Aug 1908,-0.1736
Sep 1908,-0.24035
Oct 1908,-0.3539
Nov 1908,-0.73915
Dec 1908,-0.5387
Jan 1909,-0.4245
Feb 1909,-0.56745
Mar 1909,-0.70855
Apr 1909,-0.60925
May 1909,-0.6133
Jun 1909,-0.8448001
Jul 1909,-0.5559
Aug 1909,-0.5799
Sep 1909,-0.77615
Oct 1909,-1.0599
Nov 1909,-0.8694
Dec 1909,-0.85335
Jan 1910,-0.7622001
Feb 1910,-1.06925
Mar 1910,-1.06665
Apr 1910,-1.2709
May 1910,-1.1447
Jun 1910,-1.3417
Jul 1910,-1.2282
Aug 1910,-1.16005
Sep 1910,-1.01075
Oct 1910,-0.9737501
Nov 1910,-1.07795
Dec 1910,-0.9430001
Jan 1911,-0.53715
Feb 1911,-0.3087
Mar 1911,-0.14975
Apr 1911,-0.38895
May 1911,-0.5366501
Jun 1911,-0.5661
Jul 1911,-0.4584
Aug 1911,-0.44905
Sep 1911,0.08290001
Oct 1911,0.08665001
Nov 1911,0.17335
Dec 1911,0.11655
Jan 1912,0.19275
Feb 1912,0.38795
Mar 1912,0.2715
Apr 1912,0.64995
May 1912,0.5247
Jun 1912,0.358
Jul 1912,0.279
Aug 1912,0.21945
Sep 1912,0.35945
Oct 1912,0.6048501
Nov 1912,0.3472
Dec 1912,0.23155
Jan 1913,-0.0313
Feb 1913,-0.1593
Mar 1913,-0.4808
Apr 1913,-0.62295
May 1913,-0.42815
Jun 1913,-0.4221
Jul 1913,-0.3746
Aug 1913,0.0184
Sep 1913,0.08485
Oct 1913,0.2526
Nov 1913,0.61695
Dec 1913,0.7345501
Jan 1914,0.7483
Feb 1914,0.8243001
Mar 1914,0.68465
Apr 1914,0.7086
May 1914,0.8365501
Jun 1914,0.65565
Jul 1914,0.47885
Aug 1914,0.76385
Sep 1914,0.7122501
Oct 1914,0.7130501
Nov 1914,0.64455
Dec 1914,0.79825
Jan 1915,0.7943
Feb 1915,0.7914
Mar 1915,0.71725
Apr 1915,0.5413
May 1915,0.59325
Jun 1915,0.59395
Jul 1915,0.5037
Aug 1915,0.34475
Sep 1915,0.219
Oct 1915,0.13105
Nov 1915,0.0565
Dec 1915,-0.1982
Jan 1916,-0.23105
Feb 1916,-0.1223
Mar 1916,-0.0855
Apr 1916,0.02515
May 1916,-0.01405
Jun 1916,-0.1527
Jul 1916,-0.30945
Aug 1916,-0.56255
Sep 1916,-0.8803
Oct 1916,-1.0568
Nov 1916,-1.047
Dec 1916,-0.9427
Jan 1917,-0.8337501
Feb 1917,-0.90145
Mar 1917,-1.03055
Apr 1917,-0.9559
May 1917,-0.76985
Jun 1917,-0.4717
Jul 1917,-0.45415
Aug 1917,-0.66475
Sep 1917,-0.7904
Oct 1917,-1.01105
Nov 1917,-0.9727501
Dec 1917,-1.08255
Jan 1918,-1.00455
Feb 1918,-0.88025
Mar 1918,-0.62005
Apr 1918,-0.602
May 1918,-0.3567
Jun 1918,-0.08440001
Jul 1918,0.20845
Aug 1918,0.26975
Sep 1918,0.5166
Oct 1918,0.7438501
Nov 1918,0.6641001
Dec 1918,0.6357501
Jan 1919,0.7244501
Feb 1919,0.811
Mar 1919,0.8335
Apr 1919,0.6391
May 1919,0.5347
Jun 1919,0.51065
Jul 1919,0.6541
Aug 1919,0.47745
Sep 1919,0.573
Oct 1919,0.37595
Nov 1919,0.22575
Dec 1919,0.3151
Jan 1920,0.3055
Feb 1920,0.24975
Mar 1920,0.0473
Apr 1920,-0.017
May 1920,-0.2001
Jun 1920,0.37065
Jul 1920,0.3655
Aug 1920,0.40475
Sep 1920,0.16735
Oct 1920,0.19845
Nov 1920,-0.4195
Dec 1920,-0.9059501
Jan 1921,-0.6023
Feb 1921,-1.01505
Mar 1921,-1.3604
Apr 1921,-0.7481501
May 1921,-0.8884
Jun 1921,-0.86615
Jul 1921,-0.40405
Aug 1921,-0.18505
Sep 1921,-0.20375
Oct 1921,-0.25405
Nov 1921,-0.40635
Dec 1921,0.0352
Jan 1922,-0.13515
Feb 1922,0.13145
Mar 1922,-0.05800001
Apr 1922,-0.15195
May 1922,0.18435
Jun 1922,-0.2135
Jul 1922,-0.1988
Aug 1922,-0.28
Sep 1922,0.16625
Oct 1922,-0.2547
Nov 1922,-0.2332
Dec 1922,-0.2889
Jan 1923,-0.34545
Feb 1923,-0.59095
Mar 1923,-0.14665
Apr 1923,-0.08440001
May 1923,-0.03955
Jun 1923,-0.26735
Jul 1923,-0.50635
Aug 1923,-0.0435
Sep 1923,0.176
Oct 1923,0.34255
Nov 1923,0.593
Dec 1923,0.52145
Jan 1924,0.16515
Feb 1924,0.0537
Mar 1924,-0.2155
Apr 1924,-0.42985
May 1924,-0.51105
Jun 1924,-0.328
Jul 1924,-0.36915
Aug 1924,-0.50635
Sep 1924,-0.6875001
Oct 1924,-0.88525
Nov 1924,-1.3583
Dec 1924,-0.8811001
Jan 1925,-1.2212
Feb 1925,-1.1693
Mar 1925,-1.00545
Apr 1925,-0.8633
May 1925,-0.8395
Jun 1925,-0.5053501
Jul 1925,-0.12835
Aug 1925,0.19275
Sep 1925,0.341
Oct 1925,0.2124
Nov 1925,0.46505
Dec 1925,0.853
Jan 1926,0.6941
Feb 1926,0.557
Mar 1926,0.56945
Apr 1926,0.23415
May 1926,0.14975
Jun 1926,0.3023
Jul 1926,0.4921
Aug 1926,0.54015
Sep 1926,0.1723
Oct 1926,-0.1655
Nov 1926,-0.272
Dec 1926,-0.1384
Jan 1927,-0.22745
Feb 1927,-0.24815
Mar 1927,-0.57875
Apr 1927,-0.4097
May 1927,-0.56985
Jun 1927,-0.1691
Jul 1927,-0.0708
Aug 1927,0.19965
Sep 1927,-0.01515
Oct 1927,0.18385
Nov 1927,0.2174
Dec 1927,0.5373001
Jan 1928,0.62525
Feb 1928,0.28815
Mar 1928,-0.15735
Apr 1928,0.02855
May 1928,-0.1718
Jun 1928,-0.14495
Jul 1928,-0.046
Aug 1928,0.0148
Sep 1928,-0.02575
Oct 1928,0.1057
Nov 1928,0.1125
Dec 1928,-0.2697
Jan 1929,-0.25945
Feb 1929,-0.09455001
Mar 1929,-0.0187
Apr 1929,0.01405
May 1929,-0.16405
Jun 1929,0.1463
Jul 1929,0.2678
Aug 1929,0.48235
Sep 1929,0.29975
Oct 1929,0.3008
Nov 1929,0.2532
Dec 1929,0.6525
Jan 1930,0.50885
Feb 1930,0.4187
Mar 1930,0.43625
Apr 1930,0.35315
May 1930,0.09755
Jun 1930,0.23035
Jul 1930,0.6250001
Aug 1930,0.42855
Sep 1930,0.8566501
Oct 1930,0.89315
Nov 1930,1.1483
Dec 1930,0.8364
Jan 1931,0.705
Feb 1931,0.6025
Mar 1931,0.60515
Apr 1931,0.4544
May 1931,0.325
Jun 1931,0.5058
Jul 1931,0.5699
Aug 1931,0.71935
Sep 1931,0.30475
Oct 1931,-0.0843
Nov 1931,0.09955001
Dec 1931,-0.1723
Jan 1932,-0.43305
Feb 1932,-0.3225
Mar 1932,0.15615
Apr 1932,-0.0651
May 1932,-0.0861
Jun 1932,0.1005
Jul 1932,-0.04025
Aug 1932,0.1586
Sep 1932,-0.0249
Oct 1932,0.0308
Nov 1932,-0.0379
Dec 1932,-0.1988
Jan 1933,-0.0176
Feb 1933,-0.43355
Mar 1933,-0.37445
Apr 1933,-0.31825
May 1933,-0.46395
Jun 1933,-0.2794
Jul 1933,-0.276
Aug 1933,-0.6619501
Sep 1933,-0.70135
Oct 1933,-1.1119
Nov 1933,-0.9026
Dec 1933,-1.0055
Jan 1934,-1.42955
Feb 1934,-1.04165
Mar 1934,-0.9243
Apr 1934,-0.497
May 1934,-0.49585
Jun 1934,-0.49145
Jul 1934,-0.45635
Aug 1934,-0.2044
Sep 1934,-0.2898
Oct 1934,-0.31665
Nov 1934,-0.10855
Dec 1934,0.11215
Jan 1935,-0.4629
Feb 1935,-0.185
Mar 1935,-0.1354
Apr 1935,-0.6861
May 1935,-0.6854
Jun 1935,-0.5791
Jul 1935,-0.5084
Aug 1935,0.1106
Sep 1935,0.0852
Oct 1935,0.19445
Nov 1935,0.08460001
Dec 1935,-0.10745
Jan 1936,0.17365
Feb 1936,-0.10895
Mar 1936,0.06985001
Apr 1936,0.2139
May 1936,0.33355
Jun 1936,0.006199997
Jul 1936,0.0506
Aug 1936,0.11095
Sep 1936,0.3581
Oct 1936,0.3381
Nov 1936,0.08105
Dec 1936,0.30515
Jan 1937,-0.1282
Feb 1937,0.3094
Mar 1937,0.3229
Apr 1937,-0.1302
May 1937,-0.25095
Jun 1937,-0.2647
Jul 1937,0.16105
Aug 1937,-0.0324
Sep 1937,0.15255
Oct 1937,0.09715001
Nov 1937,0.29075
Dec 1937,-0.17195
Jan 1938,-0.09755
Feb 1938,-0.1523
Mar 1938,0.018
Apr 1938,-0.22255
May 1938,-0.1368
Jun 1938,-0.5846
Jul 1938,-1.2049
Aug 1938,-1.10005
Sep 1938,-0.84245
Oct 1938,-0.64805
Nov 1938,-0.7866501
Dec 1938,-0.67685
Jan 1939,-0.8337001
Feb 1939,-0.6307001
Mar 1939,-0.3406
Apr 1939,0.03625
May 1939,-0.1011
Jun 1939,0.11235
Jul 1939,0.1045
Aug 1939,0.097
Sep 1939,0.5560001
Oct 1939,-0.2982
Nov 1939,-0.04645
Dec 1939,0.7252001
Jan 1940,0.9353001
Feb 1940,0.8536
Mar 1940,0.87765
Apr 1940,0.54675
May 1940,0.4656
Jun 1940,0.5491
Jul 1940,0.6011
Aug 1940,0.5543
Sep 1940,0.52765
Oct 1940,0.68335
Nov 1940,0.82415
Dec 1940,0.8973501
Jan 1941,0.7463
Feb 1941,0.6874501
Mar 1941,1.06275
Apr 1941,1.1274
May 1941,0.96935
Jun 1941,1.19415
Jul 1941,1.12635
Aug 1941,0.9427
Sep 1941,0.7922
Oct 1941,0.8781
Nov 1941,1.14035
Dec 1941,0.97755
Jan 1942,0.8785501
Feb 1942,0.5008
Mar 1942,0.30505
Apr 1942,0.6229
May 1942,0.05435
Jun 1942,0.0899
Jul 1942,0.10425
Aug 1942,-0.25355
Sep 1942,-0.38105
Oct 1942,-0.49825
Nov 1942,-0.7565
Dec 1942,-0.9678
Jan 1943,-0.87805
Feb 1943,-0.75245
Mar 1943,-0.6054
Apr 1943,-0.32005
May 1943,-0.28435
Jun 1943,-0.17515
Jul 1943,0.06875
Aug 1943,0.2775
Sep 1943,0.087
Oct 1943,-0.3306
Nov 1943,-0.3971
Dec 1943,-0.16875
Jan 1944,-0.08975001
Feb 1944,0.004749999
Mar 1944,0.06295001
Apr 1944,0.05195
May 1944,0.28035
Jun 1944,0.27175
Jul 1944,0.3985
Aug 1944,0.22185
Sep 1944,0.1477
Oct 1944,0.00275
Nov 1944,0.06345
Dec 1944,0.03265
Jan 1945,-0.34105
Feb 1945,-0.73915
Mar 1945,-0.97005
Apr 1945,-0.9008
May 1945,-0.6408001
Jun 1945,-0.20715
Jul 1945,-0.29875
Aug 1945,-0.31205
Sep 1945,-0.25
Oct 1945,-0.01835
Nov 1945,0.0314
Dec 1945,-0.1368
Jan 1946,-0.17885
Feb 1946,-0.28345
Mar 1946,-0.3521
Apr 1946,-0.103
May 1946,-0.02095
Jun 1946,0.16855
Jul 1946,0.3609
Aug 1946,-0.16725
Sep 1946,-0.1177
Oct 1946,0.0684
Nov 1946,0.09865
Dec 1946,0.12375
Jan 1947,0.1225
Feb 1947,0.08855001
Mar 1947,0.411
Apr 1947,0.09835
May 1947,0.009199997
Jun 1947,0.39355
Jul 1947,0.2741
Aug 1947,0.42195
Sep 1947,0.01345
Oct 1947,-0.3716
Nov 1947,-0.34175
Dec 1947,-0.00695
Jan 1948,0.0521
Feb 1948,-0.2564
Mar 1948,-0.03695
Apr 1948,0.07805
May 1948,0.51625
Jun 1948,0.3305
Jul 1948,0.0751
Aug 1948,0.04755
Sep 1948,-0.04445
Oct 1948,-0.3371
Nov 1948,-0.09285001
Dec 1948,0.34685
Jan 1949,0.1161
Feb 1949,0.11425
Mar 1949,-0.30455
Apr 1949,-0.33115
May 1949,-0.4896
Jun 1949,-0.53465
Jul 1949,-0.24145
Aug 1949,-0.2422
Sep 1949,-0.6295
Oct 1949,-0.68505
Nov 1949,-1.02315
Dec 1949,-0.7064
Jan 1950,-0.6469501
Feb 1950,-1.08235
Mar 1950,-1.1068
Apr 1950,-0.90895
May 1950,-0.8790001
Jun 1950,-0.80405
Jul 1950,-0.6796001
Aug 1950,-0.7539501
Sep 1950,-0.87775
Oct 1950,-0.59
Nov 1950,-1.1735
Dec 1950,-0.7366
Jan 1951,-0.5657001
Feb 1951,-0.6152
Mar 1951,-0.34715
Apr 1951,-0.1594
May 1951,0.01835
Jun 1951,0.3601
Jul 1951,0.163
Aug 1951,0.23795
Sep 1951,0.33375
Oct 1951,0.2894
Nov 1951,0.4802
Dec 1951,0.3942
Jan 1952,0.41235
Feb 1952,0.08530001
Mar 1952,-0.185
Apr 1952,0.10295
May 1952,0.1125
Jun 1952,-0.1563
Jul 1952,-0.21585
Aug 1952,-0.14395
Sep 1952,-0.0435
Oct 1952,-0.09175
Nov 1952,-0.1201
Dec 1952,-0.04795
Jan 1953,0.4537
Feb 1953,0.16095
Mar 1953,0.19155
Apr 1953,0.21925
May 1953,0.35035
Jun 1953,0.33305
Jul 1953,0.55085
Aug 1953,0.3375
Sep 1953,0.2708
Oct 1953,0.3225
Nov 1953,0.446
Dec 1953,0.2699
Jan 1954,0.43895
Feb 1954,0.2323
Mar 1954,0.18155
Apr 1954,-0.0509
May 1954,-0.05655
Jun 1954,-0.1144
Jul 1954,-0.45865
Aug 1954,-0.5345
Sep 1954,-0.7004001
Oct 1954,-0.4146
Nov 1954,-0.52575
Dec 1954,-0.55375
Jan 1955,-0.2338
Feb 1955,-0.3164
Mar 1955,-0.41075
Apr 1955,-0.36815
May 1955,-0.4407
Jun 1955,-0.296
Jul 1955,-0.50855
Aug 1955,-0.56
Sep 1955,-0.5135
Oct 1955,-1.3044
Nov 1955,-1.33135
Dec 1955,-0.9409
Jan 1956,-0.7288001
Feb 1956,-0.7564
Mar 1956,-0.6174501
Apr 1956,-0.6720001
May 1956,-0.65185
Jun 1956,-0.6168
Jul 1956,-0.55575
Aug 1956,-0.5509
Sep 1956,-0.7892
Oct 1956,-0.61325
Nov 1956,-0.2465
Dec 1956,-0.21145
Jan 1957,-0.02685
Feb 1957,-0.1824
Mar 1957,-0.1007
Apr 1957,0.28185
May 1957,0.6118
Jun 1957,0.1496
Jul 1957,0.55955
Aug 1957,0.5774
Sep 1957,0.6497501
Oct 1957,0.5085
Nov 1957,0.78105
Dec 1957,0.6638001
Jan 1958,0.93595
Feb 1958,1.32475
Mar 1958,1.2198
Apr 1958,0.71715
May 1958,0.70415
Jun 1958,0.74655
Jul 1958,0.36235
Aug 1958,0.54315
Sep 1958,0.42755
Oct 1958,0.3662
Nov 1958,0.4167
Dec 1958,0.7492
Jan 1959,0.7096
Feb 1959,0.4027
Mar 1959,0.24635
Apr 1959,0.35775
May 1959,0.35225
Jun 1959,-0.3005
Jul 1959,0.1013
Aug 1959,0.363
Sep 1959,0.23455
Oct 1959,0.04345001
Nov 1959,-0.09940001
Dec 1959,0.0189
Jan 1960,-0.2862
Feb 1960,-0.3748
Mar 1960,-0.2106
Apr 1960,-0.01045
May 1960,-0.08495
Jun 1960,0.0256
Jul 1960,0.01545
Aug 1960,-0.02485001
Sep 1960,0.194
Oct 1960,-0.0047
Nov 1960,0.02925
Dec 1960,0.4102
Jan 1961,0.0586
Feb 1961,0.12615
Mar 1961,-0.258
Apr 1961,-0.2427
May 1961,-0.2493
Jun 1961,-0.1573
Jul 1961,-0.1024
Aug 1961,-0.02665
Sep 1961,-0.11795
Oct 1961,-0.39605
Nov 1961,-0.2024
Dec 1961,-0.1894
Jan 1962,-0.25175
Feb 1962,-0.347
Mar 1962,-0.2689
Apr 1962,-0.0422
May 1962,-0.22505
Jun 1962,-0.13195
Jul 1962,0.07585
Aug 1962,-0.0683
Sep 1962,-0.1927
Oct 1962,-0.3804
Nov 1962,-0.14315
Dec 1962,-0.0815
Jan 1963,-0.3462
Feb 1963,-0.3078
Mar 1963,-0.12295
Apr 1963,-0.07045001
May 1963,0.0889
Jun 1963,0.2261
Jul 1963,0.5544
Aug 1963,0.48415
Sep 1963,0.8613001
Oct 1963,0.9599
Nov 1963,0.6111
Dec 1963,0.4845
Jan 1964,0.6603
Feb 1964,0.302
Mar 1964,-0.19065
Apr 1964,0.09775
May 1964,-0.2873
Jun 1964,-0.44105
Jul 1964,-0.4909
Aug 1964,-0.60615
Sep 1964,-1.0546
Oct 1964,-1.0647
Nov 1964,-1.08025
Dec 1964,-0.97285
Jan 1965,-0.35845
Feb 1965,-0.26585
Mar 1965,-0.3618
Apr 1965,-0.4451
May 1965,-0.04565
Jun 1965,0.45105
Jul 1965,0.5306
Aug 1965,0.8311501
Sep 1965,0.7581
Oct 1965,0.8288001
Nov 1965,0.8838
Dec 1965,0.75375
Jan 1966,0.8112
Feb 1966,0.5746
Mar 1966,1.11245
Apr 1966,0.43265
May 1966,0.63545
Jun 1966,0.5322
Jul 1966,0.57675
Aug 1966,0.34525
Sep 1966,0.56835
Oct 1966,0.2739
Nov 1966,0.20475
Dec 1966,0.05705
Jan 1967,-0.5221
Feb 1967,-0.6192501
Mar 1967,-0.25775
Apr 1967,0.008950002
May 1967,0.11235
Jun 1967,-0.0359
Jul 1967,0.07880001
Aug 1967,-0.1954
Sep 1967,-0.0195
Oct 1967,0.06255
Nov 1967,-0.04285
Dec 1967,0.0359
Jan 1968,-0.2626
Feb 1968,-0.007949999
Mar 1968,-0.09240001
Apr 1968,-0.2285
May 1968,-0.3708
Jun 1968,0.48435
Jul 1968,0.13385
Aug 1968,0.3979
Sep 1968,0.112
Oct 1968,0.43795
Nov 1968,0.6041
Dec 1968,0.8879501
Jan 1969,1.22385
Feb 1969,1.2742
Mar 1969,0.52935
Apr 1969,0.5295
May 1969,0.49575
Jun 1969,0.29375
Jul 1969,0.36245
Aug 1969,0.49195
Sep 1969,0.8711001
Oct 1969,0.851
Nov 1969,0.7226
Dec 1969,0.8097001
Jan 1970,0.8052
Feb 1970,0.679
Mar 1970,0.3622
Apr 1970,0.4168
May 1970,0.6039
Jun 1970,0.04850001
Jul 1970,0.2394
Aug 1970,-0.1849
Sep 1970,-0.4507
Oct 1970,-0.6248
Nov 1970,-0.45775
Dec 1970,-0.9572501
Jan 1971,-0.9842001
Feb 1971,-0.88445
Mar 1971,-0.8901501
Apr 1971,-0.6497
May 1971,-0.56015
Jun 1971,-0.5266
Jul 1971,-0.61515
Aug 1971,-0.51615
Sep 1971,-0.9250001
Oct 1971,-0.55345
Nov 1971,-0.5775501
Dec 1971,-0.33235
Jan 1972,0.03840001
Feb 1972,0.0846
Mar 1972,0.11345
Apr 1972,0.4203
May 1972,0.4664
Jun 1972,0.5254501
Jul 1972,0.6727501
Aug 1972,0.51605
Sep 1972,0.6312
Oct 1972,1.04195
Nov 1972,0.9418001
Dec 1972,0.878
Jan 1973,0.94625
Feb 1973,0.73385
Mar 1973,0.42355
Apr 1973,-0.1029
May 1973,-0.25455
Jun 1973,-0.63815
Jul 1973,-0.50505
Aug 1973,-0.7359
Sep 1973,-0.6214001
Oct 1973,-1.0531
Nov 1973,-1.54455
Dec 1973,-1.8218
Jan 1974,-1.8802
Feb 1974,-1.26765
Mar 1974,-0.9439501
Apr 1974,-0.9407001
May 1974,-0.7431
Jun 1974,-0.61805
Jul 1974,-1.1557
Aug 1974,-0.4845
Sep 1974,-0.57135
Oct 1974,-0.92535
Nov 1974,-0.85085
Dec 1974,-0.8431
Jan 1975,-0.48505
Feb 1975,-0.08970001
Mar 1975,-0.5154501
Apr 1975,-0.59095
May 1975,-0.91585
Jun 1975,-0.8609
Jul 1975,-1.2407
Aug 1975,-1.3142
Sep 1975,-1.2979
Oct 1975,-1.6946
Nov 1975,-1.86065
Dec 1975,-1.7237
Jan 1976,-1.35455
Feb 1976,-1.02275
Mar 1976,-0.45925
Apr 1976,-0.18675
May 1976,-0.22885
Jun 1976,-0.21865
Jul 1976,-0.34075
Aug 1976,0.1517
Sep 1976,0.3541
Oct 1976,0.5703
Nov 1976,1.05305
Dec 1976,0.46645
Jan 1977,0.41735
Feb 1977,0.15935
Mar 1977,0.03825
Apr 1977,0.29145
May 1977,0.0546
Jun 1977,0.22975
Jul 1977,0.5839
Aug 1977,0.60025
Sep 1977,0.75845
Oct 1977,0.63345
Nov 1977,0.78935
Dec 1977,0.83885
Jan 1978,0.6561
Feb 1978,0.34585
Mar 1978,-0.05515
Apr 1978,-0.0969
May 1978,0.26335
Jun 1978,-0.2277
Jul 1978,-0.21855
Aug 1978,-0.01510001
Sep 1978,0.05380001
Oct 1978,-0.3194
Nov 1978,0.0291
Dec 1978,0.12
Jan 1979,0.59955
Feb 1979,0.2673
Mar 1979,-0.068
Apr 1979,0.11845
May 1979,0.26045
Jun 1979,0.21085
Jul 1979,0.2101
Aug 1979,0.0366
Sep 1979,0.38165
Oct 1979,0.43925
Nov 1979,0.5854
Dec 1979,0.703
Jan 1980,0.8106501
Feb 1980,0.67395
Mar 1980,0.71815
Apr 1980,0.46695
May 1980,0.40805
Jun 1980,0.20255
Jul 1980,0.4012
Aug 1980,0.2232
Sep 1980,0.3963
Oct 1980,0.4868
Nov 1980,0.3771
Dec 1980,0.3388
Jan 1981,-0.04065
Feb 1981,-0.01195
Mar 1981,0.26335
Apr 1981,-0.20005
May 1981,-0.33105
Jun 1981,-0.1095
Jul 1981,-0.17775
Aug 1981,0.0103
Sep 1981,0.1313
Oct 1981,0.15375
Nov 1981,0.00898109
Dec 1981,0.1455182
Jan 1982,0.2845913
Feb 1982,0.2091942
Mar 1982,0.202828
Apr 1982,0.6108964
May 1982,0.8854579
Jun 1982,1.15815
Jul 1982,0.8795965
Aug 1982,0.7589194
Sep 1982,0.8851482
Oct 1982,0.9948297
Nov 1982,0.9860318
Dec 1982,0.9830837
Jan 1983,1.00654
Feb 1983,0.7870387
Mar 1983,0.5961431
Apr 1983,0.4186269
May 1983,0.4946688
Jun 1983,0.2710693
Jul 1983,0.1681414
Aug 1983,0.03880333
Sep 1983,-0.09754295
Oct 1983,-0.4421399
Nov 1983,-0.3730482
Dec 1983,-0.09442504
Jan 1984,-0.2770026
Feb 1984,-0.7011295
Mar 1984,-0.769969
Apr 1984,-0.6075073
May 1984,-0.6665242
Jun 1984,-0.4583423
Jul 1984,-0.2007747
Aug 1984,-0.1216844
Sep 1984,0.3162059
Oct 1984,-0.2020607
Nov 1984,-0.3849738
Dec 1984,-0.6070954
Jan 1985,-0.2914275
Feb 1985,-0.5352544
Mar 1985,-0.6755186
Apr 1985,-0.4368819
May 1985,-0.4352053
Jun 1985,-0.3922749
Jul 1985,-0.1080532
Aug 1985,0.1126259
Sep 1985,0.1327151
Oct 1985,-0.02625414
Nov 1985,0.1266683
Dec 1985,0.2375836
Jan 1986,0.08337292
Feb 1986,0.01072173
Mar 1986,-0.07123876
Apr 1986,-0.07101503
May 1986,0.02849711
Jun 1986,0.2516152
Jul 1986,0.3638014
Aug 1986,0.6434774
Sep 1986,0.8918121
Oct 1986,0.942416
Nov 1986,1.023495
Dec 1986,0.9389023
Jan 1987,0.8991432
Feb 1987,0.8852556
Mar 1987,0.7838412
Apr 1987,0.7455044
May 1987,0.5941616
Jun 1987,0.8949653
Jul 1987,0.9773517
Aug 1987,1.10626
Sep 1987,1.304657
Oct 1987,1.240385
Nov 1987,1.452778
Dec 1987,1.28493
Jan 1988,1.091548
Feb 1988,0.6020398
Mar 1988,0.1289711
Apr 1988,-0.1029654
May 1988,-0.316044
Jun 1988,-0.4821519
Jul 1988,-0.6486273
Aug 1988,-0.652128
Sep 1988,-0.5218166
Oct 1988,-1.243208
Nov 1988,-1.470716
Dec 1988,-1.34757
Jan 1989,-1.444986
Feb 1989,-1.379226
Mar 1989,-1.115911
Apr 1989,-0.8358759
May 1989,-0.5757442
Jun 1989,-0.7099085
Jul 1989,-0.3868761
Aug 1989,-0.2059569
Sep 1989,-0.05151308
Oct 1989,-0.1074219
Nov 1989,-0.05213362
Dec 1989,0.4027154
Jan 1990,0.4819759
Feb 1990,0.5201445
Mar 1990,0.5092445
Apr 1990,0.4828468
May 1990,0.2978467
Jun 1990,0.3775993
Jul 1990,0.5201909
Aug 1990,0.7766398
Sep 1990,0.7784531
Oct 1990,0.7901033
Nov 1990,0.7411401
Dec 1990,0.8703119
Jan 1991,0.9240733
Feb 1991,0.6709448
Mar 1991,0.5037457
Apr 1991,0.7137593
May 1991,0.7601734
Jun 1991,0.7671877
Jul 1991,0.7357717
Aug 1991,0.8932966
Sep 1991,0.9121656
Oct 1991,0.9753473
Nov 1991,1.048258
Dec 1991,1.094397
Jan 1992,0.9166834
Feb 1992,0.9157746
Mar 1992,0.8296219
Apr 1992,0.9837725
May 1992,0.9052164
Jun 1992,0.72811
Jul 1992,0.8341036
Aug 1992,0.6354082
Sep 1992,0.6294743
Oct 1992,0.4710765
Nov 1992,0.6146623
Dec 1992,0.7827157
Jan 1993,0.8017575
Feb 1993,0.6304695
Mar 1993,0.6257554
Apr 1993,0.6473727
May 1993,0.6669662
Jun 1993,0.7222667
Jul 1993,0.7096751
Aug 1993,0.7810259
Sep 1993,0.8581782
Oct 1993,0.6122199
Nov 1993,0.7106268
Dec 1993,0.7864835
Jan 1994,0.5191737
Feb 1994,0.1411964
Mar 1994,0.1768769
Apr 1994,0.3367122
May 1994,0.4251814
Jun 1994,0.5726352
Jul 1994,0.8417724
Aug 1994,1.087111
Sep 1994,0.9833483
Oct 1994,1.004628
Nov 1994,1.151635
Dec 1994,1.137234
Jan 1995,1.088881
Feb 1995,0.8796118
Mar 1995,0.6843599
Apr 1995,0.464394
May 1995,0.4931362
Jun 1995,0.3693378
Jul 1995,0.3038128
Aug 1995,0.2295322
Sep 1995,0.146771
Oct 1995,-0.1845051
Nov 1995,-0.2947027
Dec 1995,-0.2005163
Jan 1996,-0.1563722
Feb 1996,-0.3749509
Mar 1996,-0.355088
Apr 1996,-0.3358651
May 1996,-0.2588727
Jun 1996,-0.1368529
Jul 1996,-0.1606883
Aug 1996,0.04935666
Sep 1996,0.01445991
Oct 1996,-0.08047026
Nov 1996,-0.06469817
Dec 1996,0.02352281
Jan 1997,0.3376727
Feb 1997,0.2022031
Mar 1997,0.3022741
Apr 1997,0.7642173
May 1997,0.7512148
Jun 1997,0.8716139
Jul 1997,0.9402336
Aug 1997,1.102822
Sep 1997,1.196004
Oct 1997,0.982424
Nov 1997,1.10282
Dec 1997,0.9893223
Jan 1998,1.036142
Feb 1998,0.8824004
Mar 1998,0.4887297
Apr 1998,0.2694382
May 1998,0.1987823
Jun 1998,0.04917085
Jul 1998,-0.2661654
Aug 1998,-0.3572108
Sep 1998,-0.4029414
Oct 1998,-0.9298227
Nov 1998,-0.9863328
Dec 1998,-1.095352
Jan 1999,-1.278136
Feb 1999,-1.33748
Mar 1999,-1.1423
Apr 1999,-1.077247
May 1999,-0.8544481
Jun 1999,-0.6585882
Jul 1999,-0.7197979
Aug 1999,-0.62509
Sep 1999,-0.4405898
Oct 1999,-0.5385154
Nov 1999,-0.7149048
Dec 1999,-0.9310235
Jan 2000,-0.9916633
Feb 2000,-1.258193
Mar 2000,-1.250002
Apr 2000,-0.9190723
May 2000,-0.7341157
Jun 2000,-0.4195674
Jul 2000,-0.2498067
Aug 2000,-0.06092666
Sep 2000,-0.02240657
Oct 2000,-0.2580959
Nov 2000,-0.3203291
Dec 2000,-0.5826702
Jan 2001,-0.5995243
Feb 2001,-0.833738
Mar 2001,-0.6038609
Apr 2001,-0.2934512
May 2001,-0.04508337
Jun 2001,0.06482287
Jul 2001,0.3953314
Aug 2001,0.4468961
Sep 2001,0.5965284
Oct 2001,0.3973243
Nov 2001,0.3899515
Dec 2001,0.2828937
Jan 2002,0.4912329
Feb 2002,0.3856175
Mar 2002,0.2543468
Apr 2002,0.5370334
May 2002,0.5857277
Jun 2002,0.7265398
Jul 2002,0.7846141
Aug 2002,0.9095842
Sep 2002,0.9911071
Oct 2002,0.9918382
Nov 2002,1.185735
Dec 2002,1.109971
Jan 2003,0.9924609
Feb 2003,0.8366824
Mar 2003,0.7013308
Apr 2003,0.4706591
May 2003,0.2083105
Jun 2003,0.4156747
Jul 2003,0.4467054
Aug 2003,0.635933
Sep 2003,0.6748222
Oct 2003,0.6563713
Nov 2003,0.8027486
Dec 2003,0.6837697
Jan 2004,0.6682801
Feb 2004,0.3847279
Mar 2004,0.2257893
Apr 2004,0.324128
May 2004,0.3754781
Jun 2004,0.5689632
Jul 2004,0.7958969
Aug 2004,0.9454467
Sep 2004,1.197313
Oct 2004,1.005494
Nov 2004,1.118701
Dec 2004,1.117049
Jan 2005,1.02457
Feb 2005,0.6638555
Mar 2005,0.5705218
Apr 2005,0.4327644
May 2005,0.3693575
Jun 2005,0.4350135
Jul 2005,0.3238071
Aug 2005,0.4363192
Sep 2005,0.458885
Oct 2005,0.3178776
Nov 2005,0.196517
Dec 2005,-0.03817793
Jan 2006,-0.4249776
Feb 2006,-0.6536444
Mar 2006,-0.3799748
Apr 2006,-0.1702768
May 2006,0.1040868
Jun 2006,0.3359604
Jul 2006,0.4500932
Aug 2006,0.7867895
Sep 2006,0.99479
Oct 2006,1.001343
Nov 2006,1.128538
Dec 2006,1.148191
Jan 2007,0.7519425
Feb 2007,0.5521051
Mar 2007,0.3489575
Apr 2007,0.2911147
May 2007,0.136877
Jun 2007,0.2016774
Jul 2007,0.2056538
Aug 2007,0.2433578
Sep 2007,-0.1975535
Oct 2007,-0.5455547
Nov 2007,-0.8281933
Dec 2007,-0.8907976
Jan 2008,-1.303623
Feb 2008,-1.565937
Mar 2008,-1.353797
Apr 2008,-1.045452
May 2008,-0.8051526
Jun 2008,-0.6122574
Jul 2008,-0.3783328
Aug 2008,-0.08208336
Sep 2008,-0.02997998
Oct 2008,-0.1970149
Nov 2008,-0.4409884
Dec 2008,-0.5647649
Jan 2009,-0.6821305
Feb 2009,-0.7022032
Mar 2009,-0.4636961
Apr 2009,-0.2509468
May 2009,0.1353497
Jun 2009,0.4553902
Jul 2009,0.5332223
Aug 2009,0.8626577
Sep 2009,0.9607276
Oct 2009,1.178754
Nov 2009,1.359032
Dec 2009,1.288903
Jan 2010,1.298707
Feb 2010,0.9174642
Mar 2010,0.790502
Apr 2010,0.6770814
May 2010,0.2440606
Jun 2010,-0.08246101
Jul 2010,-0.4586292
Aug 2010,-0.7458569
Sep 2010,-0.9208399
Oct 2010,-1.17799
Nov 2010,-1.256168
Dec 2010,-1.383869
Jan 2011,-1.497997
Feb 2011,-1.368602
Mar 2011,-0.9852504
Apr 2011,-0.7459825
May 2011,-0.569465
Jun 2011,-0.3660055
Jul 2011,-0.3076842
Aug 2011,-0.3018989
Sep 2011,-0.3271174
Oct 2011,-0.4818521
Nov 2011,-0.5866004
Dec 2011,-0.8346053
Jan 2012,-0.9384843
Feb 2012,-0.8488976
Mar 2012,-0.6740242
Apr 2012,-0.3379443
May 2012,-0.2589558
Jun 2012,-0.05814503
Jul 2012,0.1487857
Aug 2012,0.6353232
Sep 2012,0.7232994
Oct 2012,0.6503451
Nov 2012,0.5548812
Dec 2012,0.3346247
Jan 2013,0.1302756
Feb 2013,-0.08869147
Mar 2013,-0.2119117
Apr 2013,0.01146341
May 2013,-0.08278079
Jun 2013,0.0917187
